{"_type":"export","__export_format":4,"__export_date":"2022-07-03T16:30:38.828Z","__export_source":"insomnia.desktop.app:v2022.4.2","resources":[{"_id":"req_c79316abd56c415db22fe4e2b96bf064","parentId":"fld_91dd98cd90c84eafa8e178d8466ff2a9","modified":1656860514583,"created":1656860294161,"url":"{{ _.baseURL }}/profile/email/SendClassDataToStudents","name":"SendClassDataToStudents","description":"","method":"PUT","body":{"mimeType":"application/json","text":"{\n\t\"class_id\":1\n}"},"parameters":[],"headers":[{"name":"Content-Type","value":"application/json","id":"pair_a638e8d3e2314e81a3600b9936efb1a5"}],"authentication":{"type":"bearer","token":"{{ _.token }}"},"metaSortKey":-1656727156480.5,"isPrivate":false,"settingStoreCookies":true,"settingSendCookies":true,"settingDisableRenderRequestBody":false,"settingEncodeUrl":true,"settingRebuildPath":true,"settingFollowRedirects":"global","_type":"request"},{"_id":"fld_91dd98cd90c84eafa8e178d8466ff2a9","parentId":"fld_1ab698e9cf6a40a2b666ce7fa84927ec","modified":1656860284312,"created":1656860284312,"name":"email","description":"","environment":{},"environmentPropertyOrder":null,"metaSortKey":-1656860284312,"_type":"request_group"},{"_id":"fld_1ab698e9cf6a40a2b666ce7fa84927ec","parentId":"wrk_03a474ee4dc6468682ef2b9fc995a6b7","modified":1656624769838,"created":1656624769838,"name":"profile","description":"","environment":{},"environmentPropertyOrder":null,"metaSortKey":-1656624769838,"_type":"request_group"},{"_id":"wrk_03a474ee4dc6468682ef2b9fc995a6b7","parentId":null,"modified":1656597790525,"created":1656597790525,"name":"golang-mail-server","description":"","scope":"collection","_type":"workspace"},{"_id":"req_02af4f0f602043ef9b425472393cdf6c","parentId":"fld_b89d29e9dd2940d4881d58fd50c6f84f","modified":1656860510843,"created":1656769514170,"url":"{{ _.baseURL }}/profile/class/list","name":"list","description":"","method":"GET","body":{},"parameters":[],"headers":[],"authentication":{"type":"bearer","token":"{{ _.token }}"},"metaSortKey":-1656769514170,"isPrivate":false,"settingStoreCookies":true,"settingSendCookies":true,"settingDisableRenderRequestBody":false,"settingEncodeUrl":true,"settingRebuildPath":true,"settingFollowRedirects":"global","_type":"request"},{"_id":"fld_b89d29e9dd2940d4881d58fd50c6f84f","parentId":"fld_1ab698e9cf6a40a2b666ce7fa84927ec","modified":1656769424196,"created":1656769424196,"name":"class","description":"","environment":{},"environmentPropertyOrder":null,"metaSortKey":-1656769424196,"_type":"request_group"},{"_id":"req_4f6edf697c41492cbd322727a5c3c2da","parentId":"fld_b89d29e9dd2940d4881d58fd50c6f84f","modified":1656856577523,"created":1656769429849,"url":"{{ _.baseURL }}/profile/class/save","name":"save","description":"","method":"PUT","body":{"mimeType":"application/json","text":"{\n\t\"field\":\"Math\",\n\t\"teacher\":\"Mr. Sarkhosh\"\n}"},"parameters":[],"headers":[{"name":"Content-Type","value":"application/json","id":"pair_a638e8d3e2314e81a3600b9936efb1a5"}],"authentication":{"type":"bearer","token":"{{ _.token }}"},"metaSortKey":-1656727156505.5,"isPrivate":false,"settingStoreCookies":true,"settingSendCookies":true,"settingDisableRenderRequestBody":false,"settingEncodeUrl":true,"settingRebuildPath":true,"settingFollowRedirects":"global","_type":"request"},{"_id":"req_4abc4439bab344d39bb836ca7c109fb3","parentId":"fld_b89d29e9dd2940d4881d58fd50c6f84f","modified":1656859057805,"created":1656769435809,"url":"{{ _.baseURL }}/profile/class/remove","name":"remove","description":"","method":"DELETE","body":{"mimeType":"application/json","text":"{\n\t\"id\":3\n}"},"parameters":[],"headers":[{"name":"Content-Type","value":"application/json","id":"pair_a638e8d3e2314e81a3600b9936efb1a5"}],"authentication":{"type":"bearer","token":"{{ _.token }}"},"metaSortKey":-1656727156455.5,"isPrivate":false,"settingStoreCookies":true,"settingSendCookies":true,"settingDisableRenderRequestBody":false,"settingEncodeUrl":true,"settingRebuildPath":true,"settingFollowRedirects":"global","_type":"request"},{"_id":"req_bdc6e5dd49d247f8a8478599eb6b7356","parentId":"fld_b7b92d53e21240c590b910743dfb5ba9","modified":1656860379892,"created":1656769552024,"url":"{{ _.baseURL }}/profile/student/list","name":"list","description":"","method":"GET","body":{},"parameters":[],"headers":[],"authentication":{"type":"bearer","token":"{{ _.token }}"},"metaSortKey":-1656766752553,"isPrivate":false,"settingStoreCookies":true,"settingSendCookies":true,"settingDisableRenderRequestBody":false,"settingEncodeUrl":true,"settingRebuildPath":true,"settingFollowRedirects":"global","_type":"request"},{"_id":"fld_b7b92d53e21240c590b910743dfb5ba9","parentId":"fld_1ab698e9cf6a40a2b666ce7fa84927ec","modified":1656766752453,"created":1656766752453,"name":"student","description":"","environment":{},"environmentPropertyOrder":null,"metaSortKey":-1656766752453,"_type":"request_group"},{"_id":"req_ec3c904401d540a28e6fa2106062749f","parentId":"fld_b7b92d53e21240c590b910743dfb5ba9","modified":1656863464858,"created":1656766762803,"url":"{{ _.baseURL }}/profile/student/save","name":"save","description":"","method":"PUT","body":{"mimeType":"application/json","text":"{\n\t\"firstName\":\"John\",\n\t\"lastName\":\"Marston\",\n\t\"score\":18,\n\t\"email\":\"hesamsrk.fin@gmail.com\",\n\t\"classID\": 1\n}"},"parameters":[],"headers":[{"name":"Content-Type","value":"application/json","id":"pair_a638e8d3e2314e81a3600b9936efb1a5"}],"authentication":{"type":"bearer","token":"{{ _.token }}"},"metaSortKey":-1656766752503,"isPrivate":false,"settingStoreCookies":true,"settingSendCookies":true,"settingDisableRenderRequestBody":false,"settingEncodeUrl":true,"settingRebuildPath":true,"settingFollowRedirects":"global","_type":"request"},{"_id":"req_f61906857e3240e5ab1c3324766539a4","parentId":"fld_b7b92d53e21240c590b910743dfb5ba9","modified":1656771573752,"created":1656769400323,"url":"{{ _.baseURL }}/profile/student/remove","name":"remove","description":"","method":"DELETE","body":{"mimeType":"application/json","text":"{\n\t\"id\":3\n}"},"parameters":[],"headers":[{"name":"Content-Type","value":"application/json","id":"pair_a638e8d3e2314e81a3600b9936efb1a5"}],"authentication":{"type":"bearer","token":"{{ _.token }}"},"metaSortKey":-1656687560508,"isPrivate":false,"settingStoreCookies":true,"settingSendCookies":true,"settingDisableRenderRequestBody":false,"settingEncodeUrl":true,"settingRebuildPath":true,"settingFollowRedirects":"global","_type":"request"},{"_id":"req_8e90c28425ed4f528d1459f442ce7f2e","parentId":"fld_bc43c8d19c3e43d1a45244980f4218d5","modified":1656771397591,"created":1656608368513,"url":"{{ _.baseURL }}/profile/user/list","name":"list","description":"","method":"GET","body":{},"parameters":[],"headers":[],"authentication":{"type":"bearer","token":"{{ _.token }}"},"metaSortKey":-1656608368513,"isPrivate":false,"settingStoreCookies":true,"settingSendCookies":true,"settingDisableRenderRequestBody":false,"settingEncodeUrl":true,"settingRebuildPath":true,"settingFollowRedirects":"global","_type":"request"},{"_id":"fld_bc43c8d19c3e43d1a45244980f4218d5","parentId":"fld_1ab698e9cf6a40a2b666ce7fa84927ec","modified":1656624775963,"created":1656608366775,"name":"user","description":"","environment":{},"environmentPropertyOrder":null,"metaSortKey":-1656624769888,"_type":"request_group"},{"_id":"req_9efa2bbde20a49769c4a657031b7bc86","parentId":"fld_0f1b817b0c70476f8adc06c4d76d1b7d","modified":1656771383012,"created":1656606978913,"url":"{{ _.baseURL }}/auth/signup","name":"Signup","description":"","method":"PUT","body":{"mimeType":"application/json","text":"{\n\t\"username\":\"hesamsrk\",\n\t\"password\":\"13731378\"\n}"},"parameters":[],"headers":[{"name":"Content-Type","value":"application/json","id":"pair_ee7a469bb63a468681bcbcaa8d9a97d2"}],"authentication":{},"metaSortKey":-1656606978913,"isPrivate":false,"settingStoreCookies":true,"settingSendCookies":true,"settingDisableRenderRequestBody":false,"settingEncodeUrl":true,"settingRebuildPath":true,"settingFollowRedirects":"global","_type":"request"},{"_id":"fld_0f1b817b0c70476f8adc06c4d76d1b7d","parentId":"wrk_03a474ee4dc6468682ef2b9fc995a6b7","modified":1656601583900,"created":1656601583900,"name":"auth","description":"","environment":{},"environmentPropertyOrder":null,"metaSortKey":-1656601583900,"_type":"request_group"},{"_id":"req_1f8108dd47e34834bc126fc984436d67","parentId":"fld_0f1b817b0c70476f8adc06c4d76d1b7d","modified":1656863918445,"created":1656601586574,"url":"{{ _.baseURL }}/auth/login","name":"Login","description":"","method":"POST","body":{"mimeType":"application/json","text":"{\n\t\"username\":\"hesamsrk\",\n\t\"password\":\"13731378\"\n}"},"parameters":[],"headers":[{"name":"Content-Type","value":"application/json","id":"pair_35fb3530466f4cfeb5e37145f73c18cf"}],"authentication":{},"metaSortKey":-1656601586574,"isPrivate":false,"settingStoreCookies":true,"settingSendCookies":true,"settingDisableRenderRequestBody":false,"settingEncodeUrl":true,"settingRebuildPath":true,"settingFollowRedirects":"global","_type":"request"},{"_id":"req_3277b68fd6794c7abde167f9bb713b39","parentId":"fld_c3475a07454346b086b9662432aabb3d","modified":1656758224781,"created":1656597830399,"url":"{{ _.baseURL }}/ping","name":"Ping","description":"","method":"GET","body":{},"parameters":[],"headers":[],"authentication":{},"metaSortKey":-1656599705278,"isPrivate":false,"settingStoreCookies":true,"settingSendCookies":true,"settingDisableRenderRequestBody":false,"settingEncodeUrl":true,"settingRebuildPath":true,"settingFollowRedirects":"global","_type":"request"},{"_id":"fld_c3475a07454346b086b9662432aabb3d","parentId":"wrk_03a474ee4dc6468682ef2b9fc995a6b7","modified":1656601555829,"created":1656601555829,"name":"common","description":"","environment":{},"environmentPropertyOrder":null,"metaSortKey":-1656601555829,"_type":"request_group"},{"_id":"req_68532732daf84f26b26b6c67885c2ff9","parentId":"fld_c3475a07454346b086b9662432aabb3d","modified":1656758810278,"created":1656597854577,"url":"{{ _.baseURL }}/docs","name":"docs","description":"","method":"GET","body":{},"parameters":[],"headers":[],"authentication":{},"metaSortKey":-1656599705253,"isPrivate":false,"settingStoreCookies":true,"settingSendCookies":true,"settingDisableRenderRequestBody":false,"settingEncodeUrl":true,"settingRebuildPath":true,"settingFollowRedirects":"global","_type":"request"},{"_id":"env_30131dc2c44e7a12fa9df69c5e7e60187ba768ed","parentId":"wrk_03a474ee4dc6468682ef2b9fc995a6b7","modified":1656756966464,"created":1656597790549,"name":"Base Environment","data":{"baseURL":"http://localhost:9090","token":"{% response 'body', 'req_1f8108dd47e34834bc126fc984436d67', 'b64::JC50b2tlbg==::46b', 'never', 60 %}"},"dataPropertyOrder":{"&":["baseURL","token"]},"color":null,"isPrivate":false,"metaSortKey":1656597790549,"_type":"environment"},{"_id":"jar_30131dc2c44e7a12fa9df69c5e7e60187ba768ed","parentId":"wrk_03a474ee4dc6468682ef2b9fc995a6b7","modified":1656597790558,"created":1656597790558,"name":"Default Jar","cookies":[],"_type":"cookie_jar"},{"_id":"spc_109a57ab233c4f3a8ab1a18efc63d203","parentId":"wrk_03a474ee4dc6468682ef2b9fc995a6b7","modified":1656597790532,"created":1656597790532,"fileName":"golang-mail-server","contents":"","contentType":"yaml","_type":"api_spec"}]}